{"v":"5.6.8","fr":30,"ip":0,"op":82,"w":1080,"h":1080,"nm":"bonus 2","ddd":0,"assets":[],"layers":[{"ddd":0,"ind":1,"ty":3,"nm":"ctrl","sr":1,"ks":{"o":{"a":0,"k":0,"ix":11},"r":{"a":0,"k":0,"ix":10},"p":{"s":true,"x":{"a":0,"k":540,"ix":3},"y":{"a":1,"k":[{"i":{"x":[0.833],"y":[0.833]},"o":{"x":[0.167],"y":[0.167]},"t":18,"s":[516.2]},{"i":{"x":[0.833],"y":[0.833]},"o":{"x":[0.167],"y":[0.167]},"t":20,"s":[529.9]},{"i":{"x":[0.833],"y":[0.833]},"o":{"x":[0.167],"y":[0.167]},"t":22,"s":[516.2]},{"i":{"x":[0.833],"y":[0.833]},"o":{"x":[0.167],"y":[0.167]},"t":59,"s":[516.2]},{"i":{"x":[0.833],"y":[0.833]},"o":{"x":[0.167],"y":[0.167]},"t":61,"s":[529.9]},{"t":63,"s":[516.2]}],"ix":4}},"a":{"a":0,"k":[0,0,0],"ix":1},"s":{"a":0,"k":[78.5,78.5,100],"ix":6}},"ao":0,"hasMask":true,"masksProperties":[{"inv":false,"mode":"n","pt":{"a":0,"k":{"i":[[0,0]],"o":[[0,0]],"v":[[-2165.605,1085.096]],"c":false},"ix":1},"o":{"a":0,"k":100,"ix":3},"x":{"a":0,"k":0,"ix":4},"nm":"Mask 1"}],"ip":0,"op":83,"st":0,"bm":0},{"ddd":0,"ind":5,"ty":4,"nm":"bolinha 2","parent":1,"sr":1,"ks":{"o":{"a":0,"k":100,"ix":11},"r":{"a":1,"k":[{"i":{"x":[0.667],"y":[1]},"o":{"x":[0.167],"y":[0.167]},"t":0,"s":[0]},{"i":{"x":[0.833],"y":[0.83]},"o":{"x":[0.333],"y":[0]},"t":20,"s":[720]},{"i":{"x":[0.667],"y":[1]},"o":{"x":[0.167],"y":[0.163]},"t":40,"s":[0]},{"i":{"x":[0.833],"y":[0.833]},"o":{"x":[0.333],"y":[0]},"t":61,"s":[-788.293]},{"t":82,"s":[0]}],"ix":10},"p":{"a":1,"k":[{"i":{"x":0.887,"y":0.425},"o":{"x":0.636,"y":0},"t":0,"s":[-440.594,-358,0],"to":[0,0,0],"ti":[-27.432,-135.458,0]},{"i":{"x":0.8,"y":0.652},"o":{"x":0.599,"y":0.304},"t":18.115,"s":[-416.594,138,0],"to":[53.432,123.458,0],"ti":[-213.03,5.414,0]},{"i":{"x":0.403,"y":0.696},"o":{"x":0.201,"y":0.348},"t":20.003,"s":[0,394.75,0],"to":[236.099,-6,0],"ti":[-59.667,107.458,0]},{"i":{"x":0.362,"y":1},"o":{"x":0.113,"y":0.575},"t":21.868,"s":[418,138,0],"to":[49.667,-275.458,0],"ti":[0,0,0]},{"i":{"x":0.888,"y":0.425},"o":{"x":0.638,"y":0},"t":40,"s":[446,-360,0],"to":[0,0,0],"ti":[39.234,-223.792,0]},{"i":{"x":0.799,"y":0.652},"o":{"x":0.598,"y":0.305},"t":59.149,"s":[421.74,141.333,0],"to":[-14.901,15.125,0],"ti":[286.97,-2.92,0]},{"i":{"x":0.401,"y":0.696},"o":{"x":0.201,"y":0.348},"t":61.104,"s":[0,394.75,0],"to":[-236.163,2.403,0],"ti":[62.568,112.875,0]},{"i":{"x":0.363,"y":1},"o":{"x":0.113,"y":0.575},"t":63.067,"s":[-416.594,138,0],"to":[-23.234,-96.542,0],"ti":[0,0,0]},{"t":82,"s":[-440.594,-358,0]}],"ix":2},"a":{"a":0,"k":[-473.594,-250,0],"ix":1},"s":{"a":0,"k":[80.8,80.8,100],"ix":6}},"ao":0,"shapes":[{"ty":"gr","it":[{"ind":0,"ty":"sh","ix":1,"ks":{"a":0,"k":{"i":[[-33.137,0],[20.331,-43.292],[0,33.137]],"o":[[24.456,34.422],[-33.137,0],[0,-33.137]],"v":[[0,-60],[0,60],[-60,0]],"c":true},"ix":2},"nm":"Path 1","mn":"ADBE Vector Shape - Group","hd":false},{"ty":"fl","c":{"a":0,"k":[0.941176470588,0.345098039216,0.290196078431,1],"ix":4},"o":{"a":0,"k":100,"ix":5},"r":1,"bm":0,"nm":"Fill 1","mn":"ADBE Vector Graphic - Fill","hd":false},{"ty":"tr","p":{"a":0,"k":[-473.594,-250],"ix":2},"a":{"a":0,"k":[0,0],"ix":1},"s":{"a":0,"k":[100,100],"ix":3},"r":{"a":0,"k":0,"ix":6},"o":{"a":0,"k":100,"ix":7},"sk":{"a":0,"k":0,"ix":4},"sa":{"a":0,"k":0,"ix":5},"nm":"Transform"}],"nm":"Ellipse 1","np":3,"cix":2,"bm":0,"ix":1,"mn":"ADBE Vector Group","hd":false}],"ip":0,"op":85,"st":0,"bm":0},{"ddd":0,"ind":6,"ty":4,"nm":"bolinha","parent":1,"sr":1,"ks":{"o":{"a":0,"k":100,"ix":11},"r":{"a":1,"k":[{"i":{"x":[0.833],"y":[0.833]},"o":{"x":[0.167],"y":[0.167]},"t":16,"s":[89]},{"i":{"x":[0.833],"y":[0.833]},"o":{"x":[0.167],"y":[0.167]},"t":18,"s":[58.1]},{"i":{"x":[0.833],"y":[0.833]},"o":{"x":[0.167],"y":[0.167]},"t":19,"s":[51.55]},{"i":{"x":[0.833],"y":[0.833]},"o":{"x":[0.167],"y":[0.167]},"t":20,"s":[7]},{"i":{"x":[0.833],"y":[0.833]},"o":{"x":[0.167],"y":[0.167]},"t":21,"s":[-35]},{"i":{"x":[0.833],"y":[0.833]},"o":{"x":[0.167],"y":[0.167]},"t":40,"s":[-239]},{"i":{"x":[0.833],"y":[0.833]},"o":{"x":[0.167],"y":[0.167]},"t":59,"s":[-291]},{"i":{"x":[0.833],"y":[0.833]},"o":{"x":[0.167],"y":[0.167]},"t":60,"s":[-273]},{"i":{"x":[0.833],"y":[0.833]},"o":{"x":[0.167],"y":[0.167]},"t":61,"s":[-242]},{"i":{"x":[0.833],"y":[0.833]},"o":{"x":[0.167],"y":[0.167]},"t":62,"s":[-196]},{"i":{"x":[0.833],"y":[0.833]},"o":{"x":[0.167],"y":[0.167]},"t":63,"s":[-183]},{"t":81,"s":[89]}],"ix":10},"p":{"a":1,"k":[{"i":{"x":0.887,"y":0.425},"o":{"x":0.636,"y":0},"t":0,"s":[-440.594,-358,0],"to":[0,0,0],"ti":[-27.432,-135.458,0]},{"i":{"x":0.8,"y":0.652},"o":{"x":0.599,"y":0.304},"t":18.115,"s":[-416.594,138,0],"to":[53.432,123.458,0],"ti":[-213.03,5.414,0]},{"i":{"x":0.403,"y":0.696},"o":{"x":0.201,"y":0.348},"t":20.003,"s":[0,394.75,0],"to":[236.099,-6,0],"ti":[-59.667,107.458,0]},{"i":{"x":0.362,"y":1},"o":{"x":0.113,"y":0.575},"t":21.868,"s":[418,138,0],"to":[49.667,-275.458,0],"ti":[0,0,0]},{"i":{"x":0.888,"y":0.425},"o":{"x":0.638,"y":0},"t":40,"s":[446,-360,0],"to":[0,0,0],"ti":[39.234,-223.792,0]},{"i":{"x":0.799,"y":0.652},"o":{"x":0.598,"y":0.305},"t":59.149,"s":[421.74,141.333,0],"to":[-14.901,15.125,0],"ti":[286.97,-2.92,0]},{"i":{"x":0.401,"y":0.696},"o":{"x":0.201,"y":0.348},"t":61.104,"s":[0,394.75,0],"to":[-236.163,2.403,0],"ti":[62.568,112.875,0]},{"i":{"x":0.363,"y":1},"o":{"x":0.113,"y":0.575},"t":63.067,"s":[-416.594,138,0],"to":[-23.234,-96.542,0],"ti":[0,0,0]},{"t":82,"s":[-440.594,-358,0]}],"ix":2},"a":{"a":0,"k":[-473.594,-250,0],"ix":1},"s":{"a":0,"k":[80.8,80.8,100],"ix":6}},"ao":0,"shapes":[{"ty":"gr","it":[{"ind":0,"ty":"sh","ix":1,"ks":{"a":1,"k":[{"i":{"x":0.833,"y":0.833},"o":{"x":0.167,"y":0.167},"t":15,"s":[{"i":[[-18.04,0],[0,-33.137],[33.137,0],[10.871,15.318],[0,12.924],[-9.205,10.546]],"o":[[33.137,0],[0,33.137],[-20.213,0],[-6.951,-9.794],[0,-15.097],[10.999,-12.601]],"v":[[0,-60],[60,0],[0,60],[-48.963,34.687],[-60,0],[-45.219,-39.438]],"c":true}]},{"i":{"x":0.833,"y":0.833},"o":{"x":0.167,"y":0.167},"t":18,"s":[{"i":[[-27.021,18.505],[0,-33.137],[33.137,0],[10.871,15.318],[0,12.924],[-8.959,10.755]],"o":[[29.065,-15.915],[0,33.137],[-20.213,0],[-6.951,-9.794],[0,-15.097],[40.005,0.522]],"v":[[0,-60],[60,0],[0,60],[-86.067,37.164],[-97.103,2.478],[-82.769,-42.098]],"c":true}]},{"i":{"x":0.833,"y":0.833},"o":{"x":0.167,"y":0.167},"t":20,"s":[{"i":[[-40.843,16.652],[0,-33.137],[39.163,-10.301],[30.495,44.949],[0,12.924],[-20.695,-4.988]],"o":[[70.611,1.928],[0,33.137],[-46.197,5.375],[-6.742,-9.938],[0,-15.097],[66.263,9.273]],"v":[[7.04,-61.903],[70.434,25.735],[2.927,66.914],[-137.771,47.669],[-146.509,14.778],[-118.15,-32.561]],"c":true}]},{"i":{"x":0.833,"y":0.833},"o":{"x":0.167,"y":0.167},"t":24,"s":[{"i":[[-18.04,0],[0,-33.137],[33.137,0],[10.871,15.318],[0,12.924],[-9.205,10.546]],"o":[[33.137,0],[0,33.137],[-20.213,0],[-6.951,-9.794],[0,-15.097],[10.999,-12.601]],"v":[[0,-60],[60,0],[0,60],[-48.963,34.687],[-60,0],[-45.219,-39.438]],"c":true}]},{"i":{"x":0.833,"y":0.833},"o":{"x":0.167,"y":0.167},"t":58,"s":[{"i":[[-18.04,0],[0,-33.137],[33.137,0],[10.871,15.318],[0,12.924],[-9.205,10.546]],"o":[[33.137,0],[0,33.137],[-20.213,0],[-6.951,-9.794],[0,-15.097],[10.999,-12.601]],"v":[[0,-60],[60,0],[0,60],[-48.963,34.687],[-60,0],[-45.219,-39.438]],"c":true}]},{"i":{"x":0.833,"y":0.833},"o":{"x":0.167,"y":0.167},"t":61,"s":[{"i":[[-17.971,1.568],[0.144,-67.361],[28.732,-13.433],[10.871,15.318],[41.145,35.454],[-9.205,10.546]],"o":[[39.629,-3.457],[-0.071,33.137],[-18.311,8.561],[-12.739,-68.541],[-11.437,-9.855],[10.999,-12.601]],"v":[[-60.005,-129.828],[60,0],[26.882,54.677],[-38.882,33.442],[-114.511,-52.674],[-115.127,-105.722]],"c":true}]},{"t":65,"s":[{"i":[[-18.04,0],[0,-33.137],[33.137,0],[10.871,15.318],[0,12.924],[-9.205,10.546]],"o":[[33.137,0],[0,33.137],[-20.213,0],[-6.951,-9.794],[0,-15.097],[10.999,-12.601]],"v":[[0,-60],[60,0],[0,60],[-48.963,34.687],[-60,0],[-45.219,-39.438]],"c":true}]}],"ix":2},"nm":"Path 1","mn":"ADBE Vector Shape - Group","hd":false},{"ty":"fl","c":{"a":0,"k":[0.98431372549,0.662745098039,0.133333333333,1],"ix":4},"o":{"a":0,"k":100,"ix":5},"r":1,"bm":0,"nm":"Fill 1","mn":"ADBE Vector Graphic - Fill","hd":false},{"ty":"tr","p":{"a":0,"k":[-473.594,-250],"ix":2},"a":{"a":0,"k":[0,0],"ix":1},"s":{"a":0,"k":[100,100],"ix":3},"r":{"a":0,"k":0,"ix":6},"o":{"a":0,"k":100,"ix":7},"sk":{"a":0,"k":0,"ix":4},"sa":{"a":0,"k":0,"ix":5},"nm":"Transform"}],"nm":"Ellipse 1","np":3,"cix":2,"bm":0,"ix":1,"mn":"ADBE Vector Group","hd":false}],"ip":0,"op":85,"st":0,"bm":0},{"ddd":0,"ind":7,"ty":4,"nm":"pipe 2","parent":1,"sr":1,"ks":{"o":{"a":0,"k":100,"ix":11},"r":{"a":0,"k":0,"ix":10},"p":{"a":0,"k":[0,-75.03,0],"ix":2},"a":{"a":0,"k":[0,0,0],"ix":1},"s":{"a":0,"k":[87.866,87.866,100],"ix":6}},"ao":0,"shapes":[{"ty":"gr","it":[{"d":1,"ty":"el","s":{"a":0,"k":[1223,1223],"ix":2},"p":{"a":0,"k":[0,0],"ix":3},"nm":"Ellipse Path 1","mn":"ADBE Vector Shape - Ellipse","hd":false},{"ty":"st","c":{"a":0,"k":[0.16862745098,0.345098039216,0.466666666667,1],"ix":3},"o":{"a":0,"k":100,"ix":4},"w":{"a":0,"k":23,"ix":5},"lc":2,"lj":1,"ml":4,"bm":0,"nm":"Stroke 1","mn":"ADBE Vector Graphic - Stroke","hd":false},{"ty":"tr","p":{"a":0,"k":[0,0],"ix":2},"a":{"a":0,"k":[0,0],"ix":1},"s":{"a":0,"k":[100,100],"ix":3},"r":{"a":0,"k":0,"ix":6},"o":{"a":0,"k":100,"ix":7},"sk":{"a":0,"k":0,"ix":4},"sa":{"a":0,"k":0,"ix":5},"nm":"Transform"}],"nm":"Ellipse 1","np":3,"cix":2,"bm":0,"ix":1,"mn":"ADBE Vector Group","hd":false},{"ty":"tm","s":{"a":1,"k":[{"i":{"x":[0.101],"y":[0.997]},"o":{"x":[0.894],"y":[0]},"t":0,"s":[70]},{"i":{"x":[0.701],"y":[1.012]},"o":{"x":[0.664],"y":[0]},"t":40,"s":[25]},{"i":{"x":[0.109],"y":[0.996]},"o":{"x":[0.867],"y":[0.004]},"t":50,"s":[25]},{"t":83,"s":[70]}],"ix":1},"e":{"a":1,"k":[{"i":{"x":[0.104],"y":[1]},"o":{"x":[0.871],"y":[0]},"t":10,"s":[75]},{"i":{"x":[0.1],"y":[1]},"o":{"x":[0.947],"y":[0]},"t":40,"s":[30]},{"t":74,"s":[75]}],"ix":2},"o":{"a":0,"k":0,"ix":3},"m":1,"ix":2,"nm":"Trim Paths 1","mn":"ADBE Vector Filter - Trim","hd":false}],"ip":0,"op":83,"st":0,"bm":0}],"markers":[]}